"","Goals","Assists","Points","PlMi","PIM","PPP","SHG","ATOI","SOG","HIT","BLK","GS","W","SV","SO","GAA","Result"
"1","11","18","29","3","37","9","0","1161","86","40","24","3","1","56","0","3.043","Win"
"2","7","5","12","-10","22","4","0","1117","75","41","20","4","0","129","0","3.023","Loss"
"3","6","10","16","-4","42","5","0","1145","71","38","29","4","1","102","0","2.245","Win"
"4","2","12","14","-4","16","4","0","1151","53","50","35","3","3","83","0","3.562","Loss"
"5","2","10","12","-18","9","5","0","1151","46","46","31","2","2","45","0","3.507","Loss"
"6","4","11","15","-2","10","5","0","1230","79","42","42","3","2","77","0","3.000","Win"
"7","7","18","25","9","23","9","0","1147","67","27","18","4","2","137","0","2.960","Loss"
"8","19","25","44","13","21","15","0","1264","86","28","35","4","4","80","0","1.485","Win"
"9","13","18","31","0","12","13","1","1235","99","43","29","3","2","78","0","2.984","Win"
"10","12","15","27","-2","10","5","1","1213","69","23","26","2","0","43","0","3.587","Loss"
"11","1","16","17","-2","20","4","0","1199","57","47","26","4","2","98","0","3.018","Loss"
"12","8","13","21","0","38","7","0","1218","74","47","34","5","2","131","0","4.795","Win"
"13","13","21","34","-3","47","11","0","1142","116","34","30","4","2","96","0","3.055","Win"
"14","11","22","33","10","29","8","0","1145","104","41","38","2","1","61","0","1.992","Loss"
"15","11","17","28","-11","33","11","0","1101","123","53","39","5","4","149","1","1.203","Loss"
"16","8","18","26","-9","43","8","0","1228","103","60","46","5","1","170","1","2.825","Win"
"17","7","17","24","5","17","3","1","1156","91","57","42","4","2","102","0","3.754","Loss"
"18","10","12","22","9","35","7","0","1167","90","44","50","6","3","166","0","3.358","Win"
"19","8","21","29","0","20","11","1","1174","106","49","51","4","2","122","0","2.673","Win"
"20","9","22","31","-14","16","13","0","1180","104","46","29","3","0","75","0","3.213","Loss"
"21","11","14","25","-16","36","10","0","1237","120","48","33","5","2","118","0","2.802","Loss"
"22","6","26","32","5","28","11","0","1208","98","58","45","5","3","116","0","2.224","Win"
"23","10","20","30","-12","22","11","0","1198","104","24","28","4","2","96","0","2.528","Loss"
"24","17","18","35","-1","42","11","0","1234","131","71","40","2","0","40","0","5.677","Win"
"25","5","14","19","-1","16","10","0","1174","98","44","45","4","3","105","3","1.000","Loss"
"26","8","17","25","3","26","7","0","1155","124","60","57","4","0","98","0","3.043","Win"
"27","12","13","25","-6","27","11","0","1107","106","32","33","6","5","159","0","2.727","Loss"
"28","18","20","38","-1","24","14","0","1144","139","40","45","5","3","137","1","1.770","Win"
"29","9","9","18","-18","14","10","0","1221","117","48","44","2","1","67","0","2.504","Loss"
"30","15","11","26","1","20","8","0","1120","100","40","50","5","3","148","1","1.803","Win"
"31","11","20","31","3","18","13","0","1189","114","78","61","3","1","76","0","3.045","Win"
"32","7","8","15","-13","12","4","0","1094","90","74","41","5","5","129","2","0.599","Loss"
"33","23","27","50","13","36","24","0","1201","153","77","38","5","3","132","1","1.920","Win"
"34","9","20","29","10","30","11","1","1190","107","47","47","4","2","99","1","2.776","Loss"
"35","5","20","25","-11","8","9","1","1162","89","39","25","4","1","130","0","2.010","Tie"
"36","1","13","14","0","16","5","0","1252","94","38","38","4","1","100","1","1.726","Tie"
"37","10","27","37","12","48","10","0","1170","118","58","50","3","0","86","0","3.588","Win"
"38","12","27","39","17","24","6","0","1132","109","50","36","3","0","82","0","2.316","Loss"
"39","17","13","30","5","38","9","0","1127","98","58","31","6","1","145","0","3.264","Loss"
"40","15","21","36","0","10","9","0","1220","136","62","46","3","2","86","0","1.344","Win"
"41","11","19","30","5","30","11","0","1166","104","54","35","6","6","191","1","1.653","Win"
"42","13","18","31","12","41","11","0","1175","103","68","30","4","3","88","1","2.482","Loss"
"43","3","16","19","8","20","6","0","1101","80","57","34","4","2","124","1","2.467","Loss"
"44","13","15","28","-4","36","5","0","1195","121","67","53","5","1","135","0","3.739","Win"
"45","6","19","25","12","18","8","0","1156","94","64","37","5","1","112","0","2.796","Tie"
"46","3","17","20","-7","32","5","0","1136","96","43","38","5","4","156","2","2.060","Tie"
"47","10","18","28","14","22","5","1","1208","100","29","43","6","5","188","0","2.504","Win"
"48","8","12","20","-22","16","5","0","1237","129","43","41","5","1","115","0","3.587","Loss"
"49","7","10","17","8","20","2","0","1069","95","34","34","5","2","150","1","2.229","Loss"
"50","10","32","42","3","22","13","0","1241","115","46","31","5","2","149","0","2.557","Win"
"51","10","16","26","5","21","6","0","1207","108","56","49","4","2","122","0","3.097","Loss"
"52","17","16","33","1","22","12","0","1159","126","50","56","3","1","88","0","2.127","Win"
"53","11","23","34","10","31","15","2","1201","116","68","40","5","0","120","0","3.475","Win"
"54","15","18","33","20","15","7","0","1189","112","58","41","5","4","143","1","1.000","Loss"
"55","9","18","27","-3","14","7","0","1162","87","62","48","5","3","118","1","2.161","Win"
"56","5","17","22","-32","16","11","0","1177","117","25","44","5","3","124","0","1.999","Loss"
"57","6","28","34","1","24","8","0","1203","112","50","24","4","2","89","0","2.588","Loss"
"58","11","13","24","6","26","6","0","1096","105","56","29","5","4","120","0","3.241","Win"
"59","5","18","23","-7","20","4","0","1217","107","50","43","7","5","196","2","2.135","Win"
"60","10","6","16","-9","10","4","0","1163","69","78","48","5","1","145","0","2.212","Loss"
"61","10","9","19","2","16","4","0","1180","102","64","42","5","1","143","0","2.752","Win"
"62","9","8","17","0","8","5","0","1135","81","34","31","7","4","188","1","1.877","Loss"
"63","5","18","23","-12","18","7","0","1248","106","80","41","4","1","93","0","3.290","Win"
"64","7","11","18","-10","12","8","0","1203","123","60","38","2","1","54","0","3.002","Loss"
"65","12","9","21","0","28","8","0","1168","105","35","37","4","1","120","1","2.501","Win"
"66","6","14","20","5","21","8","0","1161","75","62","39","4","2","110","0","2.240","Loss"
"67","14","15","29","-6","22","11","1","1230","129","60","38","4","2","112","0","2.031","Loss"
"68","11","19","30","-4","29","7","0","1186","93","42","40","5","5","155","0","1.586","Win"
"69","13","15","28","15","24","5","0","1170","100","38","41","5","3","116","1","2.084","Loss"
"70","11","22","33","7","20","12","1","1200","106","48","50","5","3","124","0","1.412","Win"
"71","10","13","23","-8","6","4","0","1012","95","54","28","6","4","132","0","2.011","Win"
"72","4","11","15","-3","19","5","1","1166","91","67","41","4","3","109","0","2.460","Loss"
"73","7","18","25","0","33","5","0","1060","80","55","37","2","2","40","0","1.488","Loss"
"74","14","26","40","7","22","16","0","1240","118","61","54","6","2","177","1","2.824","Win"
"75","9","8","17","9","32","6","0","1189","80","70","45","4","2","104","0","2.238","Win"
"76","9","21","30","5","18","7","1","1181","116","60","36","3","1","77","0","3.574","Loss"
"77","13","22","35","-3","18","9","1","1195","121","43","35","4","3","128","0","2.173","Loss"
"78","15","18","33","-1","10","10","1","1256","156","68","68","5","4","127","0","1.947","Win"
"79","9","21","30","14","23","7","0","1187","104","40","45","5","2","137","0","2.239","Win"
"80","13","8","21","8","19","4","0","1118","96","63","38","6","3","176","1","2.537","Loss"
"81","8","14","22","-2","4","5","0","1145","96","65","45","7","4","206","1","2.469","Loss"
"82","11","15","26","8","20","5","0","1198","115","51","39","5","4","154","0","2.201","Win"
"83","4","14","18","-8","32","6","0","1083","94","73","35","5","2","120","0","2.914","Loss"
"84","10","25","35","-1","16","8","0","1205","150","55","52","5","2","140","0","3.239","Win"
"85","11","23","34","6","22","12","0","1173","103","60","53","6","3","186","0","2.144","Win"
"86","7","14","21","7","23","2","0","1147","73","48","45","5","0","86","0","3.259","Loss"
"87","12","22","34","-1","39","15","1","1236","118","61","23","5","4","124","0","2.970","Win"
"88","13","19","32","-11","14","11","0","1298","126","40","43","5","3","111","0","2.143","Loss"
"89","10","22","32","3","34","12","0","1247","104","73","52","5","4","138","0","2.392","Win"
"90","7","19","26","-5","20","10","0","1225","130","47","38","4","2","104","0","1.684","Loss"
"91","12","15","27","3","37","8","0","1235","139","67","41","5","2","139","1","1.341","Win"
"92","3","13","16","-1","12","6","0","1118","86","62","32","3","1","95","0","2.175","Loss"
"93","14","21","35","16","27","13","0","1179","123","60","44","6","4","165","0","2.567","Win"
"94","8","15","23","9","21","5","0","1083","96","73","41","2","2","44","0","1.503","Loss"
"95","11","15","26","7","44","6","0","1210","89","41","34","4","1","118","0","3.233","Loss"
"96","11","18","29","-2","21","9","0","1179","122","46","37","4","2","125","0","1.944","Win"
"97","13","16","29","-7","45","13","0","1115","114","36","42","3","1","74","0","2.322","Loss"
"98","11","27","38","-10","24","13","0","1242","144","45","47","7","3","188","0","2.579","Win"
"99","10","23","33","17","14","10","0","1189","114","42","58","5","2","108","0","2.801","Win"
"100","10","16","26","0","26","12","0","1135","89","48","46","4","4","84","0","2.207","Loss"
"101","10","14","24","9","16","11","1","1143","100","50","27","1","0","16","0","6.000","Loss"
"102","14","17","31","7","39","13","0","1215","130","75","38","6","4","167","0","1.968","Win"
"103","6","16","22","-8","38","7","0","1086","98","73","50","6","4","169","0","2.670","Loss"
"104","13","23","36","12","38","9","1","1196","116","50","43","2","1","52","0","3.066","Win"
"105","11","29","40","-4","14","18","0","1184","129","31","49","3","3","82","1","1.631","Loss"
"106","17","31","48","0","22","18","1","1184","124","57","44","4","3","118","0","3.035","Win"
"107","10","13","23","-5","37","8","0","1175","77","47","40","5","2","158","0","4.453","Win"
"108","10","11","21","-17","40","10","0","1121","108","38","35","5","1","158","0","2.769","Loss"
"109","12","11","23","-4","29","7","0","1205","108","60","47","6","3","182","1","1.593","Win"
"110","8","18","26","3","18","6","0","1100","106","53","42","1","0","24","0","1.869","Loss"
"111","9","20","29","-11","16","10","0","1255","104","46","29","5","1","123","0","4.254","Loss"
"112","3","23","26","-8","29","11","0","1116","85","62","33","2","1","49","0","2.403","Win"
"113","10","18","28","2","32","10","0","1198","77","35","53","4","1","89","0","3.788","Win"
"114","7","12","19","-19","25","6","0","1075","94","75","40","5","3","120","0","2.170","Loss"
"115","6","19","25","5","31","6","0","1215","95","52","27","4","1","93","0","3.564","Win"
"116","9","12","21","-4","28","5","0","1202","115","42","51","2","1","53","0","2.284","Loss"
"117","5","15","20","-10","14","6","1","1146","69","38","39","7","7","204","0","1.839","Loss"
"118","12","22","34","21","47","10","0","1167","99","50","43","2","1","37","0","3.019","Win"
"119","8","24","32","7","29","17","0","1229","104","50","39","5","3","124","0","2.179","Win"
"120","11","10","21","-9","15","2","0","1211","99","61","49","6","4","193","0","2.489","Loss"
"121","7","8","15","-9","16","4","0","1165","65","43","36","2","1","74","0","4.262","Loss"
"122","7","18","25","8","19","4","0","1131","90","45","30","3","2","40","0","1.328","Win"
"123","7","16","23","3","28","5","0","1048","64","58","28","5","3","139","1","2.207","Loss"
"124","10","16","26","11","6","6","1","1249","100","56","35","5","3","133","1","1.829","Win"
"125","6","17","23","-5","16","8","1","1162","91","31","27","4","2","123","1","1.479","Win"
"126","8","15","23","-9","20","5","0","1222","90","29","29","4","2","132","0","2.891","Loss"
"127","12","18","30","5","10","13","0","1200","74","39","27","4","1","97","0","3.394","Tie"
"128","8","16","24","5","30","7","0","1190","99","53","43","4","2","84","0","1.978","Tie"
"129","4","10","14","-2","12","4","0","1150","83","31","42","4","0","90","0","3.306","Loss"
"130","10","10","20","-15","33","12","1","1247","95","53","41","4","1","102","0","2.573","Win"
"131","10","19","29","3","12","9","0","1278","103","48","32","4","4","103","1","1.236","Win"
"132","12","8","20","-1","26","9","1","1180","82","53","27","2","0","35","0","5.857","Loss"
"133","5","12","17","-2","28","5","0","1079","67","58","31","4","3","121","0","3.022","Loss"
"134","12","16","28","-1","19","10","0","1195","93","51","32","4","4","117","0","2.041","Win"
"135","11","24","35","8","14","8","1","1173","101","58","45","2","1","58","0","2.482","Win"
"136","7","22","29","-4","10","11","0","1177","112","28","35","5","2","143","0","2.201","Loss"
"137","9","21","30","3","22","8","0","1231","92","56","39","5","4","153","0","2.548","Win"
"138","11","18","29","5","14","5","0","1221","87","50","47","2","0","56","0","2.967","Loss"
"139","9","13","22","-5","12","8","0","1195","89","26","30","2","0","49","0","2.858","Loss"
"140","10","20","30","6","14","10","0","1179","124","43","42","5","3","122","0","2.583","Win"
"141","15","18","33","2","34","12","1","1194","98","45","42","6","2","190","0","2.908","Win"
"142","11","19","30","-2","39","12","0","1177","87","31","23","4","2","98","0","3.265","Loss"
"143","10","21","31","-5","27","10","0","1253","129","59","32","5","1","110","0","2.689","Loss"
"144","15","20","35","9","22","10","0","1211","99","66","46","4","2","93","0","2.018","Win"
"145","18","12","30","6","16","5","1","1117","105","46","39","2","0","40","0","4.764","Loss"
"146","7","15","22","-12","16","6","0","1183","97","35","36","6","4","137","2","2.069","Win"
"147","8","17","25","4","22","6","0","1196","81","38","44","3","1","94","0","1.960","Loss"
"148","17","8","25","16","18","4","0","1102","86","62","23","7","4","158","1","2.131","Win"
"149","7","17","24","-23","21","11","0","1126","103","32","31","7","2","210","0","4.250","Loss"
"150","7","20","27","-6","25","12","0","1136","82","49","45","3","1","86","0","3.334","Win"
"151","11","18","29","-2","22","10","0","1169","101","37","40","6","4","143","0","2.352","Win"
"152","8","14","22","-2","28","8","0","1200","90","43","36","6","2","148","1","3.208","Loss"
"153","13","20","33","6","30","8","0","1227","105","51","46","4","2","110","0","1.656","Win"
"154","12","29","41","19","27","12","0","1191","113","43","38","3","1","82","0","2.687","Loss"
"155","12","17","29","-10","22","13","0","1231","98","62","31","5","2","130","0","2.573","Loss"
"156","7","21","28","-2","22","11","0","1148","89","36","47","5","4","133","1","1.563","Win"
"157","8","17","25","-9","29","7","0","1199","81","41","28","4","2","110","0","3.207","Win"
"158","8","17","25","-3","4","6","1","1117","90","41","30","2","0","53","0","3.003","Loss"
"159","6","20","26","1","21","9","0","1189","97","28","29","6","4","163","1","2.420","Tie"
"160","4","23","27","9","14","10","0","1154","113","38","52","4","1","63","1","3.363","Tie"
"161","7","12","19","-8","25","4","0","1082","108","88","59","3","1","78","0","1.645","Loss"
"162","21","21","42","6","30","10","0","1205","123","47","37","5","5","141","0","2.402","Win"
"163","5","18","23","3","30","5","0","1070","90","41","40","3","2","79","0","2.675","Loss"
"164","17","16","33","-9","39","14","1","1223","126","72","39","6","3","149","0","3.312","Win"
"165","20","30","50","37","34","15","0","1207","109","57","44","4","3","72","0","2.492","Win"
"166","17","25","42","-1","16","14","0","1211","104","63","34","3","2","64","0","2.611","Loss"
"167","6","22","28","-1","31","5","0","1232","113","47","51","3","0","46","0","3.818","Loss"
"168","10","23","33","2","20","8","0","1176","90","52","48","6","3","171","1","3.002","Win"
"169","23","23","46","4","43","9","2","1142","194","95","67","7","2","222","1","3.088","Loss"
"170","23","41","64","-13","48","23","0","1182","228","85","72","9","4","193","1","3.574","Win"
"171","34","40","74","21","42","17","1","1213","240","77","84","9","4","221","0","3.748","Win"
"172","12","30","42","-17","38","17","0","1204","169","91","63","5","3","127","0","2.571","Loss"
"173","17","27","44","-9","36","9","0","1225","223","109","83","10","6","270","3","1.501","Win"
"174","25","34","59","21","38","18","1","1154","178","52","63","7","5","171","0","3.206","Loss"
"175","20","39","59","-9","59","26","1","1223","190","121","77","9","7","264","1","1.948","Win"
"176","19","23","42","10","61","15","0","1072","165","127","75","7","3","192","0","2.930","Loss"
"177","17","31","48","-10","34","17","0","1211","192","81","66","9","3","216","0","2.308","Win"
"178","14","19","33","2","34","13","1","1114","155","107","73","8","5","184","0","2.472","Loss"
"179","15","32","47","-22","34","17","1","1222","180","64","71","5","1","165","0","3.050","Loss"
"180","14","33","47","-4","42","13","0","1228","172","93","58","11","5","248","2","2.498","Win"
"181","13","22","35","4","38","10","0","1185","136","54","43","4","3","120","0","3.207","Win"
"182","14","21","35","-11","22","8","0","1122","105","54","42","3","1","96","0","3.740","Loss"
"183","17","30","47","4","14","13","1","1146","120","33","40","6","2","164","0","3.417","Win"
"184","12","22","34","5","31","10","0","1216","104","66","36","6","4","127","2","2.284","Loss"
"185","11","22","33","9","22","4","0","1196","93","51","39","3","1","83","1","1.715","Loss"
"186","8","16","24","8","18","7","0","1240","112","67","45","7","2","192","2","2.262","Win"
"187","9","11","20","-7","24","8","0","1165","93","34","47","5","4","131","0","2.605","Loss"
"188","11","26","37","6","12","9","0","1157","90","54","46","5","2","148","0","2.029","Win"
"189","10","17","27","5","17","9","2","1030","95","59","41","5","2","146","0","3.154","Win"
"190","13","18","31","-10","10","10","0","1204","105","45","37","4","3","118","0","3.256","Loss"
"191","7","14","21","1","24","1","0","1148","83","59","37","5","3","127","0","1.951","Loss"
"192","11","26","37","13","8","12","0","1186","93","67","51","6","2","112","0","5.356","Win"
"193","15","17","32","14","19","11","0","1088","120","43","44","4","2","103","1","2.028","Loss"
"194","14","23","37","-5","16","10","0","1217","143","44","34","5","3","134","0","3.384","Win"
"195","10","23","33","-15","49","12","0","1210","118","60","49","5","1","183","0","2.395","Win"
"196","15","17","32","-10","42","4","1","1200","143","39","36","5","4","150","0","1.743","Loss"
"197","6","13","19","-16","16","5","0","1217","96","54","45","6","2","146","0","3.741","Loss"
"198","17","24","41","10","23","18","2","1177","108","55","46","6","2","144","1","2.365","Win"
"199","10","16","26","3","16","7","0","1217","89","33","35","1","1","35","0","5.790","Loss"
"200","14","18","32","-2","36","7","1","1197","106","51","31","3","2","61","0","3.654","Win"
"201","7","22","29","20","24","9","0","1157","85","47","42","5","2","134","1","2.808","Loss"
"202","10","22","32","-7","32","9","0","1134","108","28","32","5","5","118","1","2.381","Win"
"203","7","17","24","-2","12","5","0","1160","90","49","32","5","3","121","1","2.298","Win"
"204","9","7","16","-8","12","9","0","1062","78","41","31","5","3","136","0","1.986","Loss"
"205","18","23","41","11","32","10","0","1213","130","87","38","7","6","225","1","2.143","Win"
"206","9","20","29","15","19","3","0","1084","76","30","34","3","2","82","1","1.977","Loss"
"207","7","12","19","-10","24","4","0","1243","81","59","36","6","1","138","0","3.290","Loss"
"208","10","15","25","-8","8","8","0","1197","100","58","48","4","2","118","2","1.259","Win"
"209","12","38","50","16","22","11","0","1226","128","33","52","5","2","141","1","2.409","Win"
"210","9","12","21","-4","10","6","1","1229","109","29","32","4","2","120","0","2.553","Loss"
"211","4","17","21","-4","31","7","0","1126","95","24","30","6","3","163","1","2.841","Win"
"212","5","8","13","-5","6","1","0","1208","93","38","42","3","2","98","0","1.984","Loss"
"213","9","21","30","-10","18","11","0","1206","122","69","44","1","0","28","0","4.061","Win"
"214","9","14","23","6","8","3","0","1137","80","64","37","3","1","69","0","3.231","Loss"
"215","10","11","21","-11","20","2","1","1118","130","28","46","2","0","40","0","1.966","Tie"
"216","8","14","22","-11","17","3","0","1073","121","55","41","6","3","186","0","2.355","Tie"
"217","11","16","27","26","8","2","0","1104","76","36","38","2","1","47","0","4.000","Loss"
"218","13","22","35","4","16","5","0","1172","95","54","39","3","2","95","0","1.607","Win"
"219","8","17","25","1","22","7","0","1209","95","50","35","4","3","104","0","3.018","Loss"
"220","14","18","32","-1","28","8","0","1187","109","62","33","4","1","102","0","3.582","Win"
"221","7","14","21","3","11","4","0","1159","99","36","27","5","2","131","0","2.924","Loss"
"222","16","17","33","18","33","11","0","1165","90","49","32","5","2","124","0","2.134","Win"
"223","4","16","20","-5","8","7","0","1184","85","48","34","2","2","55","0","1.000","Loss"
"224","16","18","34","3","8","7","0","1177","99","37","39","5","4","172","0","1.600","Win"
"225","7","14","21","11","16","6","0","1091","72","49","32","3","1","85","0","2.662","Loss"
"226","12","20","32","1","23","11","0","1116","89","38","34","3","1","80","0","3.331","Win"
"227","7","15","22","-3","16","5","0","1187","93","34","37","4","4","126","0","2.003","Win"
"228","11","12","23","19","19","4","0","1187","79","34","28","3","2","57","0","4.134","Loss"
"229","13","20","33","13","6","10","1","1237","116","51","44","5","4","132","0","1.554","Win"
"230","8","17","25","10","18","5","0","1110","74","45","49","2","1","78","0","1.011","Loss"
"231","10","18","28","2","20","9","0","1166","96","64","38","6","4","171","1","1.812","Win"
"232","5","14","19","-8","18","8","0","1231","89","47","48","4","1","108","0","1.727","Loss"
"233","11","16","27","1","16","9","1","1216","124","74","42","5","5","145","0","1.766","Win"
"234","7","20","27","-5","25","10","0","1113","100","71","46","4","1","90","0","2.272","Loss"
"235","11","22","33","15","8","9","0","1237","123","71","38","6","2","165","0","3.329","Win"
"236","8","12","20","13","29","1","0","1087","89","63","38","7","2","195","2","1.698","Loss"
"237","11","20","31","10","30","4","0","1188","131","45","49","6","4","166","0","2.578","Win"
"238","7","18","25","-3","10","7","1","1127","82","33","41","5","5","137","1","1.173","Loss"
"239","16","29","45","-2","22","18","1","1183","141","52","35","5","0","133","0","4.161","Win"
"240","5","16","21","0","25","5","0","1251","117","48","47","2","1","52","0","2.957","Loss"
"241","6","11","17","-10","24","5","0","1110","85","57","45","4","2","83","0","3.963","Loss"
"242","10","19","29","11","25","9","1","1212","105","45","40","6","5","171","0","1.825","Win"
"243","7","10","17","-1","20","5","0","1127","86","47","33","2","1","47","0","2.009","Loss"
"244","13","18","31","3","6","10","0","1209","99","37","39","2","2","55","2","0.000","Win"
"245","13","13","26","-5","16","5","1","1074","100","59","26","4","2","87","1","2.957","Loss"
"246","7","14","21","7","40","4","1","1185","66","47","39","5","2","156","0","1.986","Win"
"247","11","20","31","12","13","8","0","1142","81","38","41","6","1","147","0","3.570","Loss"
"248","9","16","25","-12","19","8","0","1227","118","57","38","6","2","185","0","1.802","Win"
"249","7","25","32","3","21","12","0","1202","90","52","38","2","0","70","0","2.810","Loss"
"250","10","16","26","-11","27","5","0","1205","131","67","35","4","3","120","0","2.712","Win"
"251","17","22","39","9","26","13","0","1140","123","34","42","5","4","148","1","1.969","Win"
"252","9","21","30","-3","16","10","1","1200","119","75","38","6","4","128","0","2.610","Loss"
"253","30","40","70","18","42","18","0","1190","254","87","93","11","4","259","1","3.204","Loss"
"254","30","27","57","-5","84","14","1","1180","291","152","98","11","6","278","2","2.785","Win"
"255","24","53","77","21","51","20","2","1178","213","130","101","10","4","297","0","2.913","Win"
"256","24","50","74","2","42","15","1","1213","280","112","104","10","3","264","0","2.858","Loss"
"257","21","30","51","8","34","9","0","1203","202","113","88","11","4","308","1","2.668","Loss"
"258","23","34","57","-20","56","17","2","1169","268","118","83","11","2","311","1","2.646","Win"
"259","18","32","50","-4","40","13","0","1225","187","117","93","5","5","127","0","1.781","Loss"
"260","15","35","50","10","52","13","0","1151","203","82","125","11","8","298","0","2.243","Win"
"261","14","24","38","-10","50","10","0","1123","155","93","71","6","2","161","0","2.808","Loss"
"262","25","28","53","12","60","10","1","1054","208","159","85","8","5","257","1","1.727","Win"
"263","16","31","47","-1","36","18","1","1146","173","67","68","7","5","167","1","1.593","Tie"
"264","23","48","71","22","16","12","0","1205","197","70","78","5","4","140","0","2.336","Tie"
"265","14","16","30","13","30","6","0","1192","114","45","25","4","2","115","0","3.682","Win"
"266","5","13","18","-1","16","5","0","1143","74","38","22","2","0","46","0","2.346","Loss"
"267","5","11","16","-10","18","7","1","1184","63","36","21","4","2","127","0","3.006","Loss"
"268","10","20","30","0","22","7","0","1253","80","59","46","5","2","98","2","3.019","Win"
"269","10","15","25","13","34","7","2","1167","112","22","19","4","4","119","0","2.448","Win"
"270","4","17","21","-2","10","6","0","1189","81","18","23","3","3","90","0","3.221","Loss"
"271","5","29","34","5","16","13","0","1099","45","32","19","2","1","47","0","5.233","Tie"
"272","13","13","26","0","14","11","0","1212","74","20","18","3","2","116","0","3.039","Tie"
"273","8","13","21","1","27","6","0","1151","74","37","21","4","1","131","1","4.304","Win"
"274","8","6","14","-10","8","2","1","1183","66","26","22","3","3","89","1","0.667","Loss"
"275","15","15","30","10","20","7","1","1141","97","45","30","4","2","125","0","1.666","Win"
"276","7","14","21","-9","14","6","0","1213","68","30","32","5","3","135","1","2.057","Loss"
"277","16","17","33","4","30","10","0","1215","141","53","42","8","4","240","1","2.403","Win"
"278","9","23","32","-2","21","5","1","1265","133","44","42","5","2","132","0","3.368","Loss"
"279","10","9","19","6","22","7","0","1175","95","46","27","4","3","105","0","2.019","Loss"
"280","18","18","36","-7","32","16","0","1201","115","38","40","4","2","100","0","3.275","Win"
"281","10","19","29","0","14","12","1","1235","126","73","62","4","0","71","0","2.936","Win"
"282","10","16","26","6","10","8","0","1165","98","26","37","5","1","142","0","2.565","Loss"
"283","15","23","38","11","20","12","0","1135","108","63","27","3","3","86","0","2.333","Tie"
"284","8","26","34","-12","24","15","0","1136","97","38","33","5","1","137","0","2.543","Tie"
"285","9","26","35","2","25","13","0","1150","111","62","35","6","5","180","0","2.978","Win"
"286","13","17","30","-6","24","11","1","1200","132","58","34","4","3","103","1","2.453","Loss"
"287","9","22","31","0","30","9","0","1142","87","34","27","6","5","198","0","1.798","Tie"
"288","12","21","33","-5","20","13","0","1203","102","48","30","4","1","96","0","3.260","Tie"
"289","22","21","43","5","24","11","0","1233","111","34","37","3","2","86","1","2.967","Win"
"290","8","26","34","-6","14","12","0","1234","126","30","33","3","2","85","0","1.674","Loss"
"291","8","21","29","2","20","9","0","1154","94","30","44","4","2","88","0","2.472","Loss"
"292","12","21","33","5","14","10","0","1214","105","44","42","3","1","83","0","2.697","Win"
"293","16","25","41","-1","21","11","1","1254","109","53","46","5","2","138","0","2.521","Win"
"294","9","18","27","-3","30","11","0","1225","99","41","45","6","3","147","0","3.432","Loss"
"295","8","14","22","-15","28","12","0","1151","99","32","35","2","1","58","0","3.500","Loss"
"296","9","17","26","-3","14","8","0","1190","101","43","25","5","3","146","0","2.753","Win"
"297","11","12","23","-1","14","12","0","1179","102","34","34","4","2","137","0","3.760","Loss"
"298","15","12","27","20","26","5","0","1175","123","47","35","4","4","112","1","2.257","Win"
"299","11","15","26","-5","10","8","1","1146","89","27","33","4","1","100","0","3.339","Loss"
"300","5","21","26","-9","16","13","0","1185","87","43","51","5","4","153","1","2.320","Win"
"301","6","15","21","-10","20","9","0","1184","106","27","41","5","3","136","0","2.368","Loss"
"302","12","18","30","2","20","7","0","1230","125","35","44","5","2","154","1","3.060","Win"
"303","11","17","28","-2","20","6","1","1242","138","33","45","4","2","102","0","4.191","Loss"
"304","12","18","30","5","28","6","1","1262","120","63","50","4","1","116","0","3.525","Win"
"305","8","19","27","-1","25","7","0","1212","132","53","61","6","4","153","0","2.444","Win"
"306","9","18","27","-5","33","6","0","1172","130","56","37","5","1","154","0","3.167","Loss"
"307","10","15","25","-9","14","4","0","1281","93","33","38","6","4","171","1","2.146","Win"
"308","7","9","16","-7","42","6","0","1074","88","45","29","3","1","75","0","5.347","Loss"
"309","16","23","39","19","34","10","0","1157","107","49","30","1","1","36","0","4.000","Win"
"310","5","11","16","-15","10","6","0","1178","100","39","39","4","2","127","0","2.001","Loss"
"311","18","10","28","5","40","6","0","1218","143","63","46","6","3","155","0","2.084","Win"
"312","7","20","27","3","18","7","0","1208","78","36","39","2","2","60","0","1.507","Loss"
"313","9","18","27","-2","25","12","1","1266","119","55","26","5","2","119","0","3.881","Loss"
"314","13","24","37","1","14","9","0","1257","121","45","37","6","3","179","0","3.258","Win"
"315","8","29","37","-3","18","15","0","1226","107","53","53","4","2","118","0","2.290","Win"
"316","12","14","26","6","28","2","0","1210","127","38","49","4","2","97","0","1.977","Loss"
"317","9","19","28","4","17","10","0","1262","94","50","38","4","2","120","0","2.942","Loss"
"318","9","21","30","7","18","11","1","1200","102","41","32","4","2","128","0","2.745","Win"
"319","11","12","23","3","35","5","0","1130","104","50","43","2","2","90","0","3.367","Loss"
"320","5","19","24","-3","18","5","0","1202","98","49","47","5","3","146","2","1.820","Win"
"321","10","31","41","6","16","15","0","1188","84","33","24","6","3","169","0","2.612","Win"
"322","8","22","30","-11","20","14","0","1276","97","44","42","3","1","80","0","3.700","Loss"
"323","16","24","40","-1","14","16","1","1227","117","47","42","5","4","112","0","1.991","Win"
"324","11","23","34","-9","16","13","0","1153","101","39","31","6","3","156","0","3.521","Loss"
"325","5","19","24","-4","22","13","0","1098","85","44","42","4","3","108","0","2.743","Loss"
"326","11","14","25","-3","8","8","1","1296","120","54","38","5","4","144","0","1.974","Win"
"327","14","19","33","6","14","10","1","1230","93","40","35","6","3","172","0","2.511","Win"
"328","12","14","26","-11","22","7","0","1204","111","52","40","6","3","165","2","1.745","Loss"
"329","11","21","32","-2","19","12","0","1225","113","45","41","4","2","94","0","2.463","Win"
"330","5","18","23","2","16","5","0","1237","117","54","50","4","1","120","0","3.405","Loss"
"331","15","15","30","2","32","8","0","1196","127","51","31","3","3","74","0","2.845","Loss"
"332","16","29","45","-5","22","16","1","1228","113","67","41","5","4","144","0","1.170","Win"
"333","14","24","38","6","41","9","0","1232","140","54","43","3","1","102","0","3.303","Win"
"334","6","21","27","0","22","3","0","1180","99","44","33","4","2","91","0","2.925","Loss"
"335","4","17","21","-5","51","8","1","1140","89","49","33","4","2","108","0","3.764","Win"
"336","6","13","19","11","18","7","0","1165","76","38","32","6","2","153","0","2.656","Loss"
"337","11","20","31","3","29","8","0","1222","95","52","34","5","4","134","1","2.185","Win"
"338","9","19","28","14","18","8","0","1152","100","53","36","5","2","137","1","2.757","Loss"
"339","19","20","39","17","22","10","1","1193","137","61","41","4","3","132","0","2.981","Win"
"340","13","22","35","-2","49","13","0","1158","89","46","35","4","1","95","0","2.947","Loss"
"341","12","19","31","-2","16","7","2","1173","109","57","33","5","1","123","0","3.160","Loss"
"342","15","18","33","16","20","11","0","1173","101","51","55","4","2","111","0","2.292","Win"
"343","8","12","20","2","24","4","0","1216","77","38","20","6","4","158","0","2.821","Loss"
"344","12","20","32","-8","22","11","0","1168","112","46","24","5","3","147","0","1.781","Win"
"345","14","16","30","-7","18","11","1","1249","115","34","34","4","1","95","0","4.001","Win"
"346","12","22","34","3","29","11","0","1204","106","34","40","3","0","58","0","3.749","Loss"
"347","7","19","26","3","36","8","0","1292","122","45","33","4","2","145","2","1.960","Tie"
"348","6","21","27","-1","40","7","0","1109","61","46","35","5","4","145","0","2.837","Tie"
"349","6","25","31","11","26","13","0","1112","108","59","48","3","3","101","0","1.617","Loss"
"350","15","29","44","6","27","20","0","1232","152","58","40","5","1","181","0","2.791","Win"
"351","10","25","35","-1","20","12","1","1190","120","48","50","5","3","147","0","2.151","Win"
"352","10","22","32","-8","22","11","0","1148","118","62","49","5","2","171","0","3.142","Loss"
"353","14","14","28","-10","16","11","0","1209","98","48","26","6","2","164","1","2.605","Loss"
"354","8","24","32","3","10","13","0","1172","117","50","28","4","3","109","0","3.661","Win"
"355","17","22","39","10","16","14","0","1181","124","63","31","5","1","142","0","3.068","Win"
"356","9","15","24","1","26","6","0","1279","119","58","47","6","5","120","1","1.942","Loss"
"357","14","16","30","-10","6","10","0","1244","140","56","55","3","2","86","1","0.980","Loss"
"358","16","15","31","11","24","3","1","1230","154","55","36","6","2","207","0","2.426","Win"
"359","14","22","36","-6","18","14","0","1150","97","42","52","5","4","165","1","1.754","Win"
"360","17","20","37","-9","8","18","0","1204","122","43","50","5","1","136","0","4.326","Loss"
"361","11","21","32","11","24","6","0","1168","130","51","35","4","1","125","0","3.544","Win"
"362","13","13","26","7","10","10","0","1068","86","58","47","3","2","72","0","2.570","Loss"
"363","9","16","25","-5","22","8","0","1234","104","46","60","4","0","113","0","2.509","Loss"
"364","9","22","31","-8","22","14","1","1200","100","39","40","5","3","149","1","1.821","Win"
"365","7","13","20","-25","39","7","1","1220","122","60","55","3","1","73","0","2.643","Win"
"366","16","19","35","4","25","9","1","1156","103","51","49","2","0","58","0","4.391","Loss"
"367","11","17","28","-7","34","8","0","1262","148","65","38","5","3","137","0","2.228","Win"
"368","10","17","27","11","32","5","0","1162","117","53","18","7","4","174","1","2.411","Loss"
"369","9","20","29","2","8","10","0","1147","85","30","33","5","3","140","1","3.615","Loss"
"370","8","13","21","-3","10","4","0","1189","78","37","38","7","7","188","0","1.429","Win"
"371","8","17","25","-13","20","10","0","1257","120","52","52","6","2","158","1","3.374","Win"
"372","16","13","29","-3","24","6","0","1145","124","36","45","5","3","154","0","2.955","Loss"
"373","12","15","27","7","24","6","0","1120","105","54","53","5","2","159","0","3.158","Loss"
"374","8","28","36","-9","33","15","1","1282","108","48","51","6","4","138","1","1.977","Win"
"375","4","20","24","4","26","6","0","1181","86","45","39","4","3","110","0","2.758","Loss"
"376","13","22","35","-1","25","15","0","1274","113","66","42","5","4","148","1","1.805","Win"
"377","10","18","28","-3","16","6","0","1198","91","34","39","3","1","66","0","3.917","Loss"
"378","12","18","30","-13","20","10","0","1191","126","59","47","3","2","92","0","2.034","Win"
"379","15","25","40","15","28","11","0","1167","111","63","42","4","2","118","0","3.608","Win"
"380","10","19","29","-13","24","9","0","1231","119","47","41","4","1","95","0","3.786","Loss"
"381","6","29","35","11","12","10","0","1181","96","53","28","5","2","121","0","3.367","Loss"
"382","12","19","31","-7","20","5","0","1239","124","52","46","5","1","134","0","2.679","Win"
"383","9","16","25","17","24","7","0","1171","111","40","38","3","1","80","0","3.848","Loss"
"384","13","18","31","4","18","9","1","1190","104","55","43","5","3","125","0","3.235","Win"
"385","12","13","25","-1","15","8","1","1243","103","72","35","5","2","120","0","3.435","Loss"
"386","6","17","23","6","24","8","0","1130","132","54","65","5","3","140","0","2.667","Win"
"387","13","19","32","-6","41","4","0","1169","128","65","49","4","1","108","0","2.324","Loss"
"388","12","20","32","20","10","8","0","1167","110","45","50","5","4","142","1","1.194","Win"
"389","13","15","28","-2","34","6","0","1212","98","57","62","2","0","38","0","1.431","Win"
"390","10","12","22","4","22","4","0","1147","113","70","37","3","1","75","0","2.627","Loss"
"391","12","19","31","-3","22","9","1","1216","130","54","62","6","2","154","0","1.985","Loss"
"392","17","26","43","22","44","14","0","1181","149","68","44","5","3","133","1","1.771","Win"
"393","5","15","20","-10","21","1","0","1179","128","63","46","5","3","119","0","2.523","Win"
"394","10","11","21","-6","24","11","1","1186","107","43","36","4","1","111","0","2.773","Loss"
"395","1","16","17","7","19","5","0","1230","65","37","46","5","1","134","0","2.648","Loss"
"396","9","16","25","-12","22","10","0","1168","100","30","44","5","5","146","1","0.994","Win"
"397","8","20","28","-7","30","11","0","1204","83","46","31","5","2","127","1","2.573","Loss"
"398","14","18","32","-3","30","12","0","1228","105","52","43","4","3","125","0","1.510","Win"
"399","9","19","28","-8","28","13","0","1268","140","71","45","6","4","190","0","2.240","Win"
"400","8","20","28","2","42","6","0","1232","115","45","44","4","2","110","1","2.022","Loss"
"401","12","19","31","-10","24","14","0","1251","87","21","28","3","1","90","0","4.003","Loss"
"402","7","15","22","0","26","7","0","1132","107","39","40","6","2","172","0","2.636","Win"
"403","10","17","27","4","10","12","0","1152","118","48","31","6","5","157","1","2.281","Win"
"404","6","8","14","-8","29","2","1","1122","82","43","31","5","2","191","0","2.730","Loss"
"405","10","22","32","10","10","9","0","1124","102","41","42","4","0","54","0","6.926","Loss"
"406","8","22","30","0","26","11","0","1265","106","52","54","5","2","125","1","2.714","Win"
"407","10","29","39","-3","30","14","0","1208","142","34","34","5","4","151","0","2.209","Win"
"408","16","11","27","-2","17","12","0","1197","114","53","32","4","3","123","1","1.960","Loss"
"409","8","15","23","6","16","5","0","1181","71","40","38","3","2","96","0","3.270","Win"
"410","4","9","13","-6","12","2","0","1180","71","34","36","3","1","85","0","2.055","Loss"
"411","5","7","12","-2","24","4","0","1123","71","34","39","4","2","102","0","2.754","Loss"
"412","10","12","22","7","8","4","1","1151","54","41","27","4","2","128","0","2.223","Win"
"413","10","9","19","8","8","3","1","1113","84","52","30","4","1","105","0","1.931","Win"
"414","9","17","26","1","10","11","0","1317","78","38","29","4","1","103","0","2.585","Loss"
"415","3","13","16","0","12","4","0","1110","60","35","33","3","1","101","0","2.601","Tie"
"416","5","11","16","1","22","4","0","1174","78","33","28","2","2","61","0","2.769","Tie"
"417","7","13","20","2","18","6","0","1180","92","32","22","3","3","90","0","2.292","Win"
"418","5","14","19","-5","17","5","0","1103","66","20","26","4","2","119","0","2.422","Loss"
"419","9","16","25","2","10","10","0","1186","84","23","38","4","0","128","0","2.588","Win"
"420","5","12","17","9","8","4","0","1148","70","25","25","2","1","63","0","2.036","Loss"
